"id","cycle","recip","orgname","indiv","pac","totals","Origin","Source"
"N00007727","2014","Earl Blumenauer (D) + Leadership Pac(s)","Intl Brotherhood of Electrical Workers","0","20000","20000","Center for Responsive Politics","http://www.opensecrets.org/politicians/contrib.php?type=C&amp;cid=N00007727&amp;newMem=N&amp;cycle=2014"
"N00007727","2014","Earl Blumenauer (D) + Leadership Pac(s)","Amalgamated Transit Union","0","15000","15000","Center for Responsive Politics","http://www.opensecrets.org/politicians/contrib.php?type=C&amp;cid=N00007727&amp;newMem=N&amp;cycle=2014"
"N00007727","2014","Earl Blumenauer (D) + Leadership Pac(s)","United Transportation Union","0","12500","12500","Center for Responsive Politics","http://www.opensecrets.org/politicians/contrib.php?type=C&amp;cid=N00007727&amp;newMem=N&amp;cycle=2014"
"N00007727","2014","Earl Blumenauer (D) + Leadership Pac(s)","American Fedn of St/Cnty/Munic Employees","0","11000","11000","Center for Responsive Politics","http://www.opensecrets.org/politicians/contrib.php?type=C&amp;cid=N00007727&amp;newMem=N&amp;cycle=2014"
"N00007727","2014","Earl Blumenauer (D) + Leadership Pac(s)","Cow Creek Band of Umpqua Indians","10200","0","10200","Center for Responsive Politics","http://www.opensecrets.org/politicians/contrib.php?type=C&amp;cid=N00007727&amp;newMem=N&amp;cycle=2014"
"N00007727","2014","Earl Blumenauer (D) + Leadership Pac(s)","LTK Consulting Services","0","10200","10200","Center for Responsive Politics","http://www.opensecrets.org/politicians/contrib.php?type=C&amp;cid=N00007727&amp;newMem=N&amp;cycle=2014"
"N00007727","2014","Earl Blumenauer (D) + Leadership Pac(s)","Operating Engineers Union","0","10000","10000","Center for Responsive Politics","http://www.opensecrets.org/politicians/contrib.php?type=C&amp;cid=N00007727&amp;newMem=N&amp;cycle=2014"
"N00007727","2014","Earl Blumenauer (D) + Leadership Pac(s)","Painters & Allied Trades Union","0","10000","10000","Center for Responsive Politics","http://www.opensecrets.org/politicians/contrib.php?type=C&amp;cid=N00007727&amp;newMem=N&amp;cycle=2014"
"N00007727","2014","Earl Blumenauer (D) + Leadership Pac(s)","United Food & Commercial Workers Union","0","10000","10000","Center for Responsive Politics","http://www.opensecrets.org/politicians/contrib.php?type=C&amp;cid=N00007727&amp;newMem=N&amp;cycle=2014"
"N00007727","2014","Earl Blumenauer (D) + Leadership Pac(s)","Teamsters Union","0","10000","10000","Center for Responsive Politics","http://www.opensecrets.org/politicians/contrib.php?type=C&amp;cid=N00007727&amp;newMem=N&amp;cycle=2014"
"N00007727","2014","Earl Blumenauer (D) + Leadership Pac(s)","American Federation of Teachers","0","10000","10000","Center for Responsive Politics","http://www.opensecrets.org/politicians/contrib.php?type=C&amp;cid=N00007727&amp;newMem=N&amp;cycle=2014"
"N00007727","2014","Earl Blumenauer (D) + Leadership Pac(s)","American Academy of Orthopaedic Surgeons","0","10000","10000","Center for Responsive Politics","http://www.opensecrets.org/politicians/contrib.php?type=C&amp;cid=N00007727&amp;newMem=N&amp;cycle=2014"
"N00007727","2014","Earl Blumenauer (D) + Leadership Pac(s)","American Assn for Justice","0","9000","9000","Center for Responsive Politics","http://www.opensecrets.org/politicians/contrib.php?type=C&amp;cid=N00007727&amp;newMem=N&amp;cycle=2014"
"N00007727","2014","Earl Blumenauer (D) + Leadership Pac(s)","Nike Inc","4000","5000","9000","Center for Responsive Politics","http://www.opensecrets.org/politicians/contrib.php?type=C&amp;cid=N00007727&amp;newMem=N&amp;cycle=2014"
"N00007727","2014","Earl Blumenauer (D) + Leadership Pac(s)","United Parcel Service","0","8000","8000","Center for Responsive Politics","http://www.opensecrets.org/politicians/contrib.php?type=C&amp;cid=N00007727&amp;newMem=N&amp;cycle=2014"
"N00007727","2014","Earl Blumenauer (D) + Leadership Pac(s)","Honeywell International","0","7999","7999","Center for Responsive Politics","http://www.opensecrets.org/politicians/contrib.php?type=C&amp;cid=N00007727&amp;newMem=N&amp;cycle=2014"
"N00007727","2014","Earl Blumenauer (D) + Leadership Pac(s)","Metro West Ambulance","7500","0","7500","Center for Responsive Politics","http://www.opensecrets.org/politicians/contrib.php?type=C&amp;cid=N00007727&amp;newMem=N&amp;cycle=2014"
"N00007727","2014","Earl Blumenauer (D) + Leadership Pac(s)","National Assn of Real Estate Investment Trusts","0","7500","7500","Center for Responsive Politics","http://www.opensecrets.org/politicians/contrib.php?type=C&amp;cid=N00007727&amp;newMem=N&amp;cycle=2014"
"N00007727","2014","Earl Blumenauer (D) + Leadership Pac(s)","National Assn of Realtors","0","7500","7500","Center for Responsive Politics","http://www.opensecrets.org/politicians/contrib.php?type=C&amp;cid=N00007727&amp;newMem=N&amp;cycle=2014"
"N00007727","2014","Earl Blumenauer (D) + Leadership Pac(s)","Employee-Owned S Corporations of America","0","7000","7000","Center for Responsive Politics","http://www.opensecrets.org/politicians/contrib.php?type=C&amp;cid=N00007727&amp;newMem=N&amp;cycle=2014"
"N00007727","2014","Earl Blumenauer (D) + Leadership Pac(s)","Association for Advanced Life Underwriting","0","7000","7000","Center for Responsive Politics","http://www.opensecrets.org/politicians/contrib.php?type=C&amp;cid=N00007727&amp;newMem=N&amp;cycle=2014"
"N00007727","2014","Earl Blumenauer (D) + Leadership Pac(s)","Berkshire Hathaway","0","6500","6500","Center for Responsive Politics","http://www.opensecrets.org/politicians/contrib.php?type=C&amp;cid=N00007727&amp;newMem=N&amp;cycle=2014"
"N00007727","2014","Earl Blumenauer (D) + Leadership Pac(s)","National Electrical Contractors Assn","0","6500","6500","Center for Responsive Politics","http://www.opensecrets.org/politicians/contrib.php?type=C&amp;cid=N00007727&amp;newMem=N&amp;cycle=2014"
"N00007727","2014","Earl Blumenauer (D) + Leadership Pac(s)","Vernier Software & Technology","6250","0","6250","Center for Responsive Politics","http://www.opensecrets.org/politicians/contrib.php?type=C&amp;cid=N00007727&amp;newMem=N&amp;cycle=2014"
"N00007727","2014","Earl Blumenauer (D) + Leadership Pac(s)","Intel Corp","0","6250","6250","Center for Responsive Politics","http://www.opensecrets.org/politicians/contrib.php?type=C&amp;cid=N00007727&amp;newMem=N&amp;cycle=2014"
"N00007727","2014","Earl Blumenauer (D) + Leadership Pac(s)","American College of Physicians","0","6000","6000","Center for Responsive Politics","http://www.opensecrets.org/politicians/contrib.php?type=C&amp;cid=N00007727&amp;newMem=N&amp;cycle=2014"
"N00007727","2014","Earl Blumenauer (D) + Leadership Pac(s)","American Postal Workers Union","0","6000","6000","Center for Responsive Politics","http://www.opensecrets.org/politicians/contrib.php?type=C&amp;cid=N00007727&amp;newMem=N&amp;cycle=2014"
"N00007727","2014","Earl Blumenauer (D) + Leadership Pac(s)","National Air Traffic Controllers Assn","0","6000","6000","Center for Responsive Politics","http://www.opensecrets.org/politicians/contrib.php?type=C&amp;cid=N00007727&amp;newMem=N&amp;cycle=2014"
"N00007727","2014","Earl Blumenauer (D) + Leadership Pac(s)","Greenbrier Companies","5200","0","5200","Center for Responsive Politics","http://www.opensecrets.org/politicians/contrib.php?type=C&amp;cid=N00007727&amp;newMem=N&amp;cycle=2014"
"N00007727","2014","Earl Blumenauer (D) + Leadership Pac(s)","Herbalife International","0","5000","5000","Center for Responsive Politics","http://www.opensecrets.org/politicians/contrib.php?type=C&amp;cid=N00007727&amp;newMem=N&amp;cycle=2014"
"N00007727","2014","Earl Blumenauer (D) + Leadership Pac(s)","Garney Holding Co","0","5000","5000","Center for Responsive Politics","http://www.opensecrets.org/politicians/contrib.php?type=C&amp;cid=N00007727&amp;newMem=N&amp;cycle=2014"
"N00007727","2014","Earl Blumenauer (D) + Leadership Pac(s)","Genesee & Wyoming","2000","3000","5000","Center for Responsive Politics","http://www.opensecrets.org/politicians/contrib.php?type=C&amp;cid=N00007727&amp;newMem=N&amp;cycle=2014"
"N00007727","2014","Earl Blumenauer (D) + Leadership Pac(s)","Humana Inc","0","5000","5000","Center for Responsive Politics","http://www.opensecrets.org/politicians/contrib.php?type=C&amp;cid=N00007727&amp;newMem=N&amp;cycle=2014"
"N00007727","2014","Earl Blumenauer (D) + Leadership Pac(s)","Humane Society Legislative Fund","0","5000","5000","Center for Responsive Politics","http://www.opensecrets.org/politicians/contrib.php?type=C&amp;cid=N00007727&amp;newMem=N&amp;cycle=2014"
"N00007727","2014","Earl Blumenauer (D) + Leadership Pac(s)","Bikes Belong Coalition","0","5000","5000","Center for Responsive Politics","http://www.opensecrets.org/politicians/contrib.php?type=C&amp;cid=N00007727&amp;newMem=N&amp;cycle=2014"
"N00007727","2014","Earl Blumenauer (D) + Leadership Pac(s)","CSX Corp","0","5000","5000","Center for Responsive Politics","http://www.opensecrets.org/politicians/contrib.php?type=C&amp;cid=N00007727&amp;newMem=N&amp;cycle=2014"
"N00007727","2014","Earl Blumenauer (D) + Leadership Pac(s)","Deloitte LLP","0","5000","5000","Center for Responsive Politics","http://www.opensecrets.org/politicians/contrib.php?type=C&amp;cid=N00007727&amp;newMem=N&amp;cycle=2014"
"N00007727","2014","Earl Blumenauer (D) + Leadership Pac(s)","Blue Cross/Blue Shield","0","5000","5000","Center for Responsive Politics","http://www.opensecrets.org/politicians/contrib.php?type=C&amp;cid=N00007727&amp;newMem=N&amp;cycle=2014"
"N00007727","2014","Earl Blumenauer (D) + Leadership Pac(s)","BNSF Railway","0","5000","5000","Center for Responsive Politics","http://www.opensecrets.org/politicians/contrib.php?type=C&amp;cid=N00007727&amp;newMem=N&amp;cycle=2014"
"N00007727","2014","Earl Blumenauer (D) + Leadership Pac(s)","American Seniors Housing Assn","0","5000","5000","Center for Responsive Politics","http://www.opensecrets.org/politicians/contrib.php?type=C&amp;cid=N00007727&amp;newMem=N&amp;cycle=2014"
"N00007727","2014","Earl Blumenauer (D) + Leadership Pac(s)","American Podiatric Medical Assn","0","5000","5000","Center for Responsive Politics","http://www.opensecrets.org/politicians/contrib.php?type=C&amp;cid=N00007727&amp;newMem=N&amp;cycle=2014"
"N00007727","2014","Earl Blumenauer (D) + Leadership Pac(s)","American Dental Assn","0","5000","5000","Center for Responsive Politics","http://www.opensecrets.org/politicians/contrib.php?type=C&amp;cid=N00007727&amp;newMem=N&amp;cycle=2014"
"N00007727","2014","Earl Blumenauer (D) + Leadership Pac(s)","American Institute of Architects","0","5000","5000","Center for Responsive Politics","http://www.opensecrets.org/politicians/contrib.php?type=C&amp;cid=N00007727&amp;newMem=N&amp;cycle=2014"
"N00007727","2014","Earl Blumenauer (D) + Leadership Pac(s)","Accenture","0","5000","5000","Center for Responsive Politics","http://www.opensecrets.org/politicians/contrib.php?type=C&amp;cid=N00007727&amp;newMem=N&amp;cycle=2014"
"N00007727","2014","Earl Blumenauer (D) + Leadership Pac(s)","New York Life Insurance","0","5000","5000","Center for Responsive Politics","http://www.opensecrets.org/politicians/contrib.php?type=C&amp;cid=N00007727&amp;newMem=N&amp;cycle=2014"
"N00007727","2014","Earl Blumenauer (D) + Leadership Pac(s)","Norfolk Southern","0","5000","5000","Center for Responsive Politics","http://www.opensecrets.org/politicians/contrib.php?type=C&amp;cid=N00007727&amp;newMem=N&amp;cycle=2014"
"N00007727","2014","Earl Blumenauer (D) + Leadership Pac(s)","Mednax Inc","0","5000","5000","Center for Responsive Politics","http://www.opensecrets.org/politicians/contrib.php?type=C&amp;cid=N00007727&amp;newMem=N&amp;cycle=2014"
"N00007727","2014","Earl Blumenauer (D) + Leadership Pac(s)","Machinists/Aerospace Workers Union","0","5000","5000","Center for Responsive Politics","http://www.opensecrets.org/politicians/contrib.php?type=C&amp;cid=N00007727&amp;newMem=N&amp;cycle=2014"
"N00007727","2014","Earl Blumenauer (D) + Leadership Pac(s)","Ironworkers Union","0","5000","5000","Center for Responsive Politics","http://www.opensecrets.org/politicians/contrib.php?type=C&amp;cid=N00007727&amp;newMem=N&amp;cycle=2014"
"N00007727","2014","Earl Blumenauer (D) + Leadership Pac(s)","Union Pacific Corp","0","5000","5000","Center for Responsive Politics","http://www.opensecrets.org/politicians/contrib.php?type=C&amp;cid=N00007727&amp;newMem=N&amp;cycle=2014"
"N00007727","2014","Earl Blumenauer (D) + Leadership Pac(s)","Service Employees International Union","0","5000","5000","Center for Responsive Politics","http://www.opensecrets.org/politicians/contrib.php?type=C&amp;cid=N00007727&amp;newMem=N&amp;cycle=2014"
"N00007727","2014","Earl Blumenauer (D) + Leadership Pac(s)","American Council of Engineering Cos","0","4500","4500","Center for Responsive Politics","http://www.opensecrets.org/politicians/contrib.php?type=C&amp;cid=N00007727&amp;newMem=N&amp;cycle=2014"
"N00007727","2014","Earl Blumenauer (D) + Leadership Pac(s)","American College of Emergency Physicians","0","4500","4500","Center for Responsive Politics","http://www.opensecrets.org/politicians/contrib.php?type=C&amp;cid=N00007727&amp;newMem=N&amp;cycle=2014"
"N00007727","2014","Earl Blumenauer (D) + Leadership Pac(s)","American Nurses Assn","0","4500","4500","Center for Responsive Politics","http://www.opensecrets.org/politicians/contrib.php?type=C&amp;cid=N00007727&amp;newMem=N&amp;cycle=2014"
"N00007727","2014","Earl Blumenauer (D) + Leadership Pac(s)","Duberstein Group","4500","0","4500","Center for Responsive Politics","http://www.opensecrets.org/politicians/contrib.php?type=C&amp;cid=N00007727&amp;newMem=N&amp;cycle=2014"
"N00007727","2014","Earl Blumenauer (D) + Leadership Pac(s)","American Hospital Assn","0","4250","4250","Center for Responsive Politics","http://www.opensecrets.org/politicians/contrib.php?type=C&amp;cid=N00007727&amp;newMem=N&amp;cycle=2014"
"N00007727","2014","Earl Blumenauer (D) + Leadership Pac(s)","Portland General Electric","0","3750","3750","Center for Responsive Politics","http://www.opensecrets.org/politicians/contrib.php?type=C&amp;cid=N00007727&amp;newMem=N&amp;cycle=2014"
"N00007727","2014","Earl Blumenauer (D) + Leadership Pac(s)","Parsons Corp","0","3500","3500","Center for Responsive Politics","http://www.opensecrets.org/politicians/contrib.php?type=C&amp;cid=N00007727&amp;newMem=N&amp;cycle=2014"
"N00007727","2014","Earl Blumenauer (D) + Leadership Pac(s)","Amgen Inc","0","3500","3500","Center for Responsive Politics","http://www.opensecrets.org/politicians/contrib.php?type=C&amp;cid=N00007727&amp;newMem=N&amp;cycle=2014"
"N00007727","2014","Earl Blumenauer (D) + Leadership Pac(s)","American Congress of Obstetricians & Gynecologists","0","3500","3500","Center for Responsive Politics","http://www.opensecrets.org/politicians/contrib.php?type=C&amp;cid=N00007727&amp;newMem=N&amp;cycle=2014"
"N00007727","2014","Earl Blumenauer (D) + Leadership Pac(s)","Air Line Pilots Assn","0","3500","3500","Center for Responsive Politics","http://www.opensecrets.org/politicians/contrib.php?type=C&amp;cid=N00007727&amp;newMem=N&amp;cycle=2014"
"N00007727","2014","Earl Blumenauer (D) + Leadership Pac(s)","Humane Society of the US","0","3500","3500","Center for Responsive Politics","http://www.opensecrets.org/politicians/contrib.php?type=C&amp;cid=N00007727&amp;newMem=N&amp;cycle=2014"
"N00007727","2014","Earl Blumenauer (D) + Leadership Pac(s)","Summit Power Alternative Resources","3250","0","3250","Center for Responsive Politics","http://www.opensecrets.org/politicians/contrib.php?type=C&amp;cid=N00007727&amp;newMem=N&amp;cycle=2014"
"N00007727","2014","Earl Blumenauer (D) + Leadership Pac(s)","New Villages Group","3100","0","3100","Center for Responsive Politics","http://www.opensecrets.org/politicians/contrib.php?type=C&amp;cid=N00007727&amp;newMem=N&amp;cycle=2014"
"N00007727","2014","Earl Blumenauer (D) + Leadership Pac(s)","National Postal Mail Handlers Union","0","3000","3000","Center for Responsive Politics","http://www.opensecrets.org/politicians/contrib.php?type=C&amp;cid=N00007727&amp;newMem=N&amp;cycle=2014"
"N00007727","2014","Earl Blumenauer (D) + Leadership Pac(s)","National Stone, Sand & Gravel Assn","0","3000","3000","Center for Responsive Politics","http://www.opensecrets.org/politicians/contrib.php?type=C&amp;cid=N00007727&amp;newMem=N&amp;cycle=2014"
"N00007727","2014","Earl Blumenauer (D) + Leadership Pac(s)","Laborers Union","0","3000","3000","Center for Responsive Politics","http://www.opensecrets.org/politicians/contrib.php?type=C&amp;cid=N00007727&amp;newMem=N&amp;cycle=2014"
"N00007727","2014","Earl Blumenauer (D) + Leadership Pac(s)","Boeing Co","0","3000","3000","Center for Responsive Politics","http://www.opensecrets.org/politicians/contrib.php?type=C&amp;cid=N00007727&amp;newMem=N&amp;cycle=2014"
"N00007727","2014","Earl Blumenauer (D) + Leadership Pac(s)","Burns & McDonnell","0","3000","3000","Center for Responsive Politics","http://www.opensecrets.org/politicians/contrib.php?type=C&amp;cid=N00007727&amp;newMem=N&amp;cycle=2014"
"N00007727","2014","Earl Blumenauer (D) + Leadership Pac(s)","Baker, Donelson et al","500","2500","3000","Center for Responsive Politics","http://www.opensecrets.org/politicians/contrib.php?type=C&amp;cid=N00007727&amp;newMem=N&amp;cycle=2014"
"N00007727","2014","Earl Blumenauer (D) + Leadership Pac(s)","Downey McGrath Group","3000","0","3000","Center for Responsive Politics","http://www.opensecrets.org/politicians/contrib.php?type=C&amp;cid=N00007727&amp;newMem=N&amp;cycle=2014"
"N00007727","2014","Earl Blumenauer (D) + Leadership Pac(s)","Comcast Corp","0","3000","3000","Center for Responsive Politics","http://www.opensecrets.org/politicians/contrib.php?type=C&amp;cid=N00007727&amp;newMem=N&amp;cycle=2014"
"N00007727","2014","Earl Blumenauer (D) + Leadership Pac(s)","Concept Development Group","3000","0","3000","Center for Responsive Politics","http://www.opensecrets.org/politicians/contrib.php?type=C&amp;cid=N00007727&amp;newMem=N&amp;cycle=2014"
"N00007727","2014","Earl Blumenauer (D) + Leadership Pac(s)","American Optometric Assn","0","3000","3000","Center for Responsive Politics","http://www.opensecrets.org/politicians/contrib.php?type=C&amp;cid=N00007727&amp;newMem=N&amp;cycle=2014"
"N00007727","2014","Earl Blumenauer (D) + Leadership Pac(s)","Riverlake Partners","2600","0","2600","Center for Responsive Politics","http://www.opensecrets.org/politicians/contrib.php?type=C&amp;cid=N00007727&amp;newMem=N&amp;cycle=2014"
"N00007727","2014","Earl Blumenauer (D) + Leadership Pac(s)","Russell Development","2500","0","2500","Center for Responsive Politics","http://www.opensecrets.org/politicians/contrib.php?type=C&amp;cid=N00007727&amp;newMem=N&amp;cycle=2014"
"N00007727","2014","Earl Blumenauer (D) + Leadership Pac(s)","Real Estate Roundtable","0","2500","2500","Center for Responsive Politics","http://www.opensecrets.org/politicians/contrib.php?type=C&amp;cid=N00007727&amp;newMem=N&amp;cycle=2014"
"N00007727","2014","Earl Blumenauer (D) + Leadership Pac(s)","Trek Bicycle","2500","0","2500","Center for Responsive Politics","http://www.opensecrets.org/politicians/contrib.php?type=C&amp;cid=N00007727&amp;newMem=N&amp;cycle=2014"
"N00007727","2014","Earl Blumenauer (D) + Leadership Pac(s)","Weyerhaeuser Co","0","2500","2500","Center for Responsive Politics","http://www.opensecrets.org/politicians/contrib.php?type=C&amp;cid=N00007727&amp;newMem=N&amp;cycle=2014"
"N00007727","2014","Earl Blumenauer (D) + Leadership Pac(s)","M Financial Group","2500","0","2500","Center for Responsive Politics","http://www.opensecrets.org/politicians/contrib.php?type=C&amp;cid=N00007727&amp;newMem=N&amp;cycle=2014"
"N00007727","2014","Earl Blumenauer (D) + Leadership Pac(s)","Mondelez International","0","2500","2500","Center for Responsive Politics","http://www.opensecrets.org/politicians/contrib.php?type=C&amp;cid=N00007727&amp;newMem=N&amp;cycle=2014"
"N00007727","2014","Earl Blumenauer (D) + Leadership Pac(s)","National Auto Dealers Assn","0","2500","2500","Center for Responsive Politics","http://www.opensecrets.org/politicians/contrib.php?type=C&amp;cid=N00007727&amp;newMem=N&amp;cycle=2014"
"N00007727","2014","Earl Blumenauer (D) + Leadership Pac(s)","National Beer Wholesalers Assn","0","2500","2500","Center for Responsive Politics","http://www.opensecrets.org/politicians/contrib.php?type=C&amp;cid=N00007727&amp;newMem=N&amp;cycle=2014"
"N00007727","2014","Earl Blumenauer (D) + Leadership Pac(s)","National Assn of Insurance & Financial Advisors","0","2500","2500","Center for Responsive Politics","http://www.opensecrets.org/politicians/contrib.php?type=C&amp;cid=N00007727&amp;newMem=N&amp;cycle=2014"
"N00007727","2014","Earl Blumenauer (D) + Leadership Pac(s)","National Assn of Letter Carriers","0","2500","2500","Center for Responsive Politics","http://www.opensecrets.org/politicians/contrib.php?type=C&amp;cid=N00007727&amp;newMem=N&amp;cycle=2014"
"N00007727","2014","Earl Blumenauer (D) + Leadership Pac(s)","Annie Bloom's Books","2500","0","2500","Center for Responsive Politics","http://www.opensecrets.org/politicians/contrib.php?type=C&amp;cid=N00007727&amp;newMem=N&amp;cycle=2014"
"N00007727","2014","Earl Blumenauer (D) + Leadership Pac(s)","Associated General Contractors","0","2500","2500","Center for Responsive Politics","http://www.opensecrets.org/politicians/contrib.php?type=C&amp;cid=N00007727&amp;newMem=N&amp;cycle=2014"
"N00007727","2014","Earl Blumenauer (D) + Leadership Pac(s)","American Academy of Family Physicians","0","2500","2500","Center for Responsive Politics","http://www.opensecrets.org/politicians/contrib.php?type=C&amp;cid=N00007727&amp;newMem=N&amp;cycle=2014"
"N00007727","2014","Earl Blumenauer (D) + Leadership Pac(s)","American Academy of Neurology","0","2500","2500","Center for Responsive Politics","http://www.opensecrets.org/politicians/contrib.php?type=C&amp;cid=N00007727&amp;newMem=N&amp;cycle=2014"
"N00007727","2014","Earl Blumenauer (D) + Leadership Pac(s)","AFL-CIO","0","2500","2500","Center for Responsive Politics","http://www.opensecrets.org/politicians/contrib.php?type=C&amp;cid=N00007727&amp;newMem=N&amp;cycle=2014"
"N00007727","2014","Earl Blumenauer (D) + Leadership Pac(s)","American College of Cardiology","0","2500","2500","Center for Responsive Politics","http://www.opensecrets.org/politicians/contrib.php?type=C&amp;cid=N00007727&amp;newMem=N&amp;cycle=2014"
"N00007727","2014","Earl Blumenauer (D) + Leadership Pac(s)","Bingham McCutchen LLP","2500","0","2500","Center for Responsive Politics","http://www.opensecrets.org/politicians/contrib.php?type=C&amp;cid=N00007727&amp;newMem=N&amp;cycle=2014"
"N00007727","2014","Earl Blumenauer (D) + Leadership Pac(s)","Credit Union National Assn","0","2500","2500","Center for Responsive Politics","http://www.opensecrets.org/politicians/contrib.php?type=C&amp;cid=N00007727&amp;newMem=N&amp;cycle=2014"
"N00007727","2014","Earl Blumenauer (D) + Leadership Pac(s)","Balfour Beatty","0","2500","2500","Center for Responsive Politics","http://www.opensecrets.org/politicians/contrib.php?type=C&amp;cid=N00007727&amp;newMem=N&amp;cycle=2014"
"N00007727","2014","Earl Blumenauer (D) + Leadership Pac(s)","International Assn of Fire Fighters","0","2500","2500","Center for Responsive Politics","http://www.opensecrets.org/politicians/contrib.php?type=C&amp;cid=N00007727&amp;newMem=N&amp;cycle=2014"
"N00007727","2014","Earl Blumenauer (D) + Leadership Pac(s)","Akin, Gump et al","500","1875","2375","Center for Responsive Politics","http://www.opensecrets.org/politicians/contrib.php?type=C&amp;cid=N00007727&amp;newMem=N&amp;cycle=2014"
"N00007727","2014","Earl Blumenauer (D) + Leadership Pac(s)","Van Scoyoc Assoc","1000","1231","2231","Center for Responsive Politics","http://www.opensecrets.org/politicians/contrib.php?type=C&amp;cid=N00007727&amp;newMem=N&amp;cycle=2014"
"N00007727","2014","Earl Blumenauer (D) + Leadership Pac(s)","Terex Corp","2000","0","2000","Center for Responsive Politics","http://www.opensecrets.org/politicians/contrib.php?type=C&amp;cid=N00007727&amp;newMem=N&amp;cycle=2014"
"N00007727","2014","Earl Blumenauer (D) + Leadership Pac(s)","Shiels Obletz Johnsen Inc","2000","0","2000","Center for Responsive Politics","http://www.opensecrets.org/politicians/contrib.php?type=C&amp;cid=N00007727&amp;newMem=N&amp;cycle=2014"
"N00007727","2014","Earl Blumenauer (D) + Leadership Pac(s)","Rapoza Assoc","2000","0","2000","Center for Responsive Politics","http://www.opensecrets.org/politicians/contrib.php?type=C&amp;cid=N00007727&amp;newMem=N&amp;cycle=2014"
"N00007727","2014","Earl Blumenauer (D) + Leadership Pac(s)","National Football League","0","2000","2000","Center for Responsive Politics","http://www.opensecrets.org/politicians/contrib.php?type=C&amp;cid=N00007727&amp;newMem=N&amp;cycle=2014"
"N00007727","2014","Earl Blumenauer (D) + Leadership Pac(s)","National Telecommunications Cooperative Assn","0","2000","2000","Center for Responsive Politics","http://www.opensecrets.org/politicians/contrib.php?type=C&amp;cid=N00007727&amp;newMem=N&amp;cycle=2014"
"N00007727","2014","Earl Blumenauer (D) + Leadership Pac(s)","Novogradac & Co","2000","0","2000","Center for Responsive Politics","http://www.opensecrets.org/politicians/contrib.php?type=C&amp;cid=N00007727&amp;newMem=N&amp;cycle=2014"
"N00007727","2014","Earl Blumenauer (D) + Leadership Pac(s)","National Confectioners Assn","0","2000","2000","Center for Responsive Politics","http://www.opensecrets.org/politicians/contrib.php?type=C&amp;cid=N00007727&amp;newMem=N&amp;cycle=2014"
"N00007727","2014","Earl Blumenauer (D) + Leadership Pac(s)","MMC Corp","0","2000","2000","Center for Responsive Politics","http://www.opensecrets.org/politicians/contrib.php?type=C&amp;cid=N00007727&amp;newMem=N&amp;cycle=2014"
"N00007727","2014","Earl Blumenauer (D) + Leadership Pac(s)","K&L Gates","0","2000","2000","Center for Responsive Politics","http://www.opensecrets.org/politicians/contrib.php?type=C&amp;cid=N00007727&amp;newMem=N&amp;cycle=2014"
"N00007727","2014","Earl Blumenauer (D) + Leadership Pac(s)","AFLAC Inc","0","2000","2000","Center for Responsive Politics","http://www.opensecrets.org/politicians/contrib.php?type=C&amp;cid=N00007727&amp;newMem=N&amp;cycle=2014"
"N00007727","2014","Earl Blumenauer (D) + Leadership Pac(s)","American Council of Life Insurers","0","2000","2000","Center for Responsive Politics","http://www.opensecrets.org/politicians/contrib.php?type=C&amp;cid=N00007727&amp;newMem=N&amp;cycle=2014"
"N00007727","2014","Earl Blumenauer (D) + Leadership Pac(s)","American Society of Anesthesiologists","0","2000","2000","Center for Responsive Politics","http://www.opensecrets.org/politicians/contrib.php?type=C&amp;cid=N00007727&amp;newMem=N&amp;cycle=2014"
"N00007727","2014","Earl Blumenauer (D) + Leadership Pac(s)","American Society of Assn Executives","0","2000","2000","Center for Responsive Politics","http://www.opensecrets.org/politicians/contrib.php?type=C&amp;cid=N00007727&amp;newMem=N&amp;cycle=2014"
"N00007727","2014","Earl Blumenauer (D) + Leadership Pac(s)","American Physical Therapy Assn","0","2000","2000","Center for Responsive Politics","http://www.opensecrets.org/politicians/contrib.php?type=C&amp;cid=N00007727&amp;newMem=N&amp;cycle=2014"
"N00007727","2014","Earl Blumenauer (D) + Leadership Pac(s)","American Federation of Govt Employees","0","2000","2000","Center for Responsive Politics","http://www.opensecrets.org/politicians/contrib.php?type=C&amp;cid=N00007727&amp;newMem=N&amp;cycle=2014"
"N00007727","2014","Earl Blumenauer (D) + Leadership Pac(s)","International Longshoremens Assn","0","2000","2000","Center for Responsive Politics","http://www.opensecrets.org/politicians/contrib.php?type=C&amp;cid=N00007727&amp;newMem=N&amp;cycle=2014"
"N00007727","2014","Earl Blumenauer (D) + Leadership Pac(s)","International Paper","0","2000","2000","Center for Responsive Politics","http://www.opensecrets.org/politicians/contrib.php?type=C&amp;cid=N00007727&amp;newMem=N&amp;cycle=2014"
"N00007727","2014","Earl Blumenauer (D) + Leadership Pac(s)","Caterpillar Inc","0","2000","2000","Center for Responsive Politics","http://www.opensecrets.org/politicians/contrib.php?type=C&amp;cid=N00007727&amp;newMem=N&amp;cycle=2014"
"N00007727","2014","Earl Blumenauer (D) + Leadership Pac(s)","Fluor Corp","0","2000","2000","Center for Responsive Politics","http://www.opensecrets.org/politicians/contrib.php?type=C&amp;cid=N00007727&amp;newMem=N&amp;cycle=2014"
"N00007727","2014","Earl Blumenauer (D) + Leadership Pac(s)","Association of Equipment Manufacturers","0","2000","2000","Center for Responsive Politics","http://www.opensecrets.org/politicians/contrib.php?type=C&amp;cid=N00007727&amp;newMem=N&amp;cycle=2014"
"N00007727","2014","Earl Blumenauer (D) + Leadership Pac(s)","CRH PLC","0","2000","2000","Center for Responsive Politics","http://www.opensecrets.org/politicians/contrib.php?type=C&amp;cid=N00007727&amp;newMem=N&amp;cycle=2014"
